;time;token;event
0;2022-01-12 18:41:03.756000+00:00;jmSaGbdmvhVihrWq;scroll
1;2022-01-12 18:44:38.937000+00:00;jmSaGbdmvhVihrWq;scroll
2;2022-01-12 18:44:38.955000+00:00;jmSaGbdmvhVihrWq;scroll
3;2022-01-12 18:44:38.972000+00:00;jmSaGbdmvhVihrWq;scroll
4;2022-01-12 18:44:38.988000+00:00;jmSaGbdmvhVihrWq;scroll
5;2022-01-12 18:44:39.005000+00:00;jmSaGbdmvhVihrWq;scroll
6;2022-01-12 18:44:39.021000+00:00;jmSaGbdmvhVihrWq;scroll
7;2022-01-12 18:44:39.038000+00:00;jmSaGbdmvhVihrWq;scroll
8;2022-01-12 18:44:39.054000+00:00;jmSaGbdmvhVihrWq;scroll
9;2022-01-12 18:44:39.071000+00:00;jmSaGbdmvhVihrWq;scroll
10;2022-01-12 18:44:39.087000+00:00;jmSaGbdmvhVihrWq;scroll
11;2022-01-12 18:44:39.105000+00:00;jmSaGbdmvhVihrWq;scroll
12;2022-01-12 18:44:39.121000+00:00;jmSaGbdmvhVihrWq;scroll
13;2022-01-12 18:44:39.138000+00:00;jmSaGbdmvhVihrWq;scroll
14;2022-01-12 18:44:39.155000+00:00;jmSaGbdmvhVihrWq;scroll
15;2022-01-12 18:44:39.171000+00:00;jmSaGbdmvhVihrWq;scroll
16;2022-01-12 18:44:39.188000+00:00;jmSaGbdmvhVihrWq;scroll
17;2022-01-12 18:44:39.205000+00:00;jmSaGbdmvhVihrWq;scroll
18;2022-01-12 18:44:39.221000+00:00;jmSaGbdmvhVihrWq;scroll
19;2022-01-12 18:44:39.237000+00:00;jmSaGbdmvhVihrWq;scroll
20;2022-01-12 18:44:39.255000+00:00;jmSaGbdmvhVihrWq;scroll
21;2022-01-12 18:44:39.571000+00:00;jmSaGbdmvhVihrWq;scroll
22;2022-01-12 18:44:39.588000+00:00;jmSaGbdmvhVihrWq;scroll
23;2022-01-12 18:44:39.604000+00:00;jmSaGbdmvhVihrWq;scroll
24;2022-01-12 18:44:39.621000+00:00;jmSaGbdmvhVihrWq;scroll
25;2022-01-12 18:44:39.638000+00:00;jmSaGbdmvhVihrWq;scroll
26;2022-01-12 18:44:39.654000+00:00;jmSaGbdmvhVihrWq;scroll
27;2022-01-12 18:44:39.670000+00:00;jmSaGbdmvhVihrWq;scroll
28;2022-01-12 18:44:39.687000+00:00;jmSaGbdmvhVihrWq;scroll
29;2022-01-12 18:44:39.704000+00:00;jmSaGbdmvhVihrWq;scroll
30;2022-01-12 18:44:39.721000+00:00;jmSaGbdmvhVihrWq;scroll
31;2022-01-12 18:44:39.738000+00:00;jmSaGbdmvhVihrWq;scroll
32;2022-01-12 18:44:39.755000+00:00;jmSaGbdmvhVihrWq;scroll
33;2022-01-12 18:44:39.772000+00:00;jmSaGbdmvhVihrWq;scroll
34;2022-01-12 18:44:39.788000+00:00;jmSaGbdmvhVihrWq;scroll
35;2022-01-12 18:44:39.804000+00:00;jmSaGbdmvhVihrWq;scroll
36;2022-01-12 18:44:39.821000+00:00;jmSaGbdmvhVihrWq;scroll
37;2022-01-12 18:44:39.838000+00:00;jmSaGbdmvhVihrWq;scroll
38;2022-01-12 18:44:39.855000+00:00;jmSaGbdmvhVihrWq;scroll
39;2022-01-12 18:44:39.871000+00:00;jmSaGbdmvhVihrWq;scroll
40;2022-01-12 18:44:39.888000+00:00;jmSaGbdmvhVihrWq;scroll
41;2022-01-12 18:44:40.120000+00:00;jmSaGbdmvhVihrWq;scroll
42;2022-01-12 18:44:40.138000+00:00;jmSaGbdmvhVihrWq;scroll
43;2022-01-12 18:44:40.154000+00:00;jmSaGbdmvhVihrWq;scroll
44;2022-01-12 18:44:40.171000+00:00;jmSaGbdmvhVihrWq;scroll
45;2022-01-12 18:44:40.189000+00:00;jmSaGbdmvhVihrWq;scroll
46;2022-01-12 18:44:40.204000+00:00;jmSaGbdmvhVihrWq;scroll
47;2022-01-12 18:44:40.222000+00:00;jmSaGbdmvhVihrWq;scroll
48;2022-01-12 18:44:40.238000+00:00;jmSaGbdmvhVihrWq;scroll
49;2022-01-12 18:44:40.255000+00:00;jmSaGbdmvhVihrWq;scroll
50;2022-01-12 18:44:40.270000+00:00;jmSaGbdmvhVihrWq;scroll
51;2022-01-12 18:44:40.288000+00:00;jmSaGbdmvhVihrWq;scroll
52;2022-01-12 18:44:40.305000+00:00;jmSaGbdmvhVihrWq;scroll
53;2022-01-12 18:44:40.322000+00:00;jmSaGbdmvhVihrWq;scroll
54;2022-01-12 18:44:40.338000+00:00;jmSaGbdmvhVihrWq;scroll
55;2022-01-12 18:44:40.354000+00:00;jmSaGbdmvhVihrWq;scroll
56;2022-01-12 18:44:40.372000+00:00;jmSaGbdmvhVihrWq;scroll
57;2022-01-12 18:44:40.387000+00:00;jmSaGbdmvhVihrWq;scroll
58;2022-01-12 18:44:40.404000+00:00;jmSaGbdmvhVihrWq;scroll
59;2022-01-12 18:44:40.421000+00:00;jmSaGbdmvhVihrWq;scroll
60;2022-01-12 18:44:42.821000+00:00;jmSaGbdmvhVihrWq;scroll
61;2022-01-12 18:44:42.838000+00:00;jmSaGbdmvhVihrWq;scroll
62;2022-01-12 18:44:42.855000+00:00;jmSaGbdmvhVihrWq;scroll
63;2022-01-12 18:44:42.871000+00:00;jmSaGbdmvhVihrWq;scroll
64;2022-01-12 18:44:42.889000+00:00;jmSaGbdmvhVihrWq;scroll
65;2022-01-12 18:44:42.904000+00:00;jmSaGbdmvhVihrWq;scroll
66;2022-01-12 18:44:42.922000+00:00;jmSaGbdmvhVihrWq;scroll
67;2022-01-12 18:44:42.937000+00:00;jmSaGbdmvhVihrWq;scroll
68;2022-01-12 18:44:42.955000+00:00;jmSaGbdmvhVihrWq;scroll
69;2022-01-12 18:44:42.971000+00:00;jmSaGbdmvhVihrWq;scroll
70;2022-01-12 18:44:42.988000+00:00;jmSaGbdmvhVihrWq;scroll
71;2022-01-12 18:44:43.004000+00:00;jmSaGbdmvhVihrWq;scroll
72;2022-01-12 18:44:43.021000+00:00;jmSaGbdmvhVihrWq;scroll
73;2022-01-12 18:44:43.038000+00:00;jmSaGbdmvhVihrWq;scroll
74;2022-01-12 18:44:43.054000+00:00;jmSaGbdmvhVihrWq;scroll
75;2022-01-12 18:44:43.071000+00:00;jmSaGbdmvhVihrWq;scroll
76;2022-01-12 18:44:43.088000+00:00;jmSaGbdmvhVihrWq;scroll
77;2022-01-12 18:44:43.105000+00:00;jmSaGbdmvhVihrWq;scroll
78;2022-01-12 18:44:43.120000+00:00;jmSaGbdmvhVihrWq;scroll
79;2022-01-12 18:44:43.138000+00:00;jmSaGbdmvhVihrWq;scroll
80;2022-01-12 18:44:43.154000+00:00;jmSaGbdmvhVihrWq;scroll
81;2022-01-12 18:44:43.171000+00:00;jmSaGbdmvhVihrWq;scroll
82;2022-01-12 18:44:43.188000+00:00;jmSaGbdmvhVihrWq;scroll
83;2022-01-12 18:44:43.205000+00:00;jmSaGbdmvhVihrWq;scroll
84;2022-01-12 18:44:43.221000+00:00;jmSaGbdmvhVihrWq;scroll
85;2022-01-12 18:44:43.238000+00:00;jmSaGbdmvhVihrWq;scroll
86;2022-01-12 18:44:43.254000+00:00;jmSaGbdmvhVihrWq;scroll
87;2022-01-12 18:44:43.271000+00:00;jmSaGbdmvhVihrWq;scroll
88;2022-01-12 18:44:43.288000+00:00;jmSaGbdmvhVihrWq;scroll
89;2022-01-12 18:44:43.304000+00:00;jmSaGbdmvhVihrWq;scroll
90;2022-01-12 18:44:43.321000+00:00;jmSaGbdmvhVihrWq;scroll
91;2022-01-12 18:44:43.338000+00:00;jmSaGbdmvhVihrWq;scroll
92;2022-01-12 18:44:43.387000+00:00;jmSaGbdmvhVihrWq;scroll
93;2022-01-12 18:44:43.454000+00:00;jmSaGbdmvhVihrWq;scroll
